UserID,WatchTime,GenresWatched,TrendingContentPct,BingeFreq,CompletionRate,SubscriptionTier,LateNightWatchPct
1,24480,16,0.246323529411765,9,0.599264705882353,3,0.430147058823529
2,5580,14,0.225806451612903,2,0.645161290322581,2,0.806451612903226
3,4860,12,0.037037037037037,1,0.277777777777778,1,1
4,2160,8,0.0833333333333333,1,0.791666666666667,1,1
5,15750,15,0.16,4,0.331428571428571,3,0
6,18990,17,0.274881516587678,2,0.635071090047393,3,0.0805687203791469
7,36270,16,0.32258064516129,2,0.679900744416873,3,0
8,5310,14,0.271186440677966,1,0.677966101694915,2,0
9,1980,12,0.409090909090909,1,0.909090909090909,1,0
10,16560,15,0.28804347826087,1,0.91304347826087,3,0
11,16290,15,0.292817679558011,1,0.475138121546961,3,0.795580110497238
12,4590,12,0.137254901960784,1,0.92156862745098,1,0
13,57240,16,0.224842767295597,12,0.422955974842767,3,0.281446540880503
14,8820,13,0.255102040816327,4,0.76530612244898,2,0.887755102040816
15,9360,15,0.221153846153846,1,0.375,2,0
16,12600,16,0.271428571428571,1,0.828571428571429,3,0
17,2520,12,0.321428571428571,2,0.428571428571429,1,0.214285714285714
18,24930,16,0.245487364620939,1,0.617328519855596,3,0
19,1800,10,0.1,1,0.55,1,0
20,4320,12,0.125,1,0.416666666666667,1,0
21,16110,15,0.240223463687151,1,0.268156424581006,3,0
22,11520,14,0.171875,1,0.578125,3,0
23,13590,16,0.23841059602649,4,0.589403973509934,3,0.033112582781457
24,6120,13,0.25,2,0.808823529411765,2,1
25,7020,14,0.230769230769231,1,0.858974358974359,2,0
26,9630,16,0.196261682242991,1,0.214953271028037,2,0.168224299065421
27,2250,9,0.12,1,0.36,1,0
28,7110,15,0.278481012658228,2,0.632911392405063,2,0
29,3060,13,0.205882352941176,1,0.676470588235294,1,0
30,3870,12,0.232558139534884,3,0.674418604651163,1,0.418604651162791
31,3240,10,0.194444444444444,1,0.722222222222222,1,1
32,3690,11,0.195121951219512,1,0.439024390243902,1,0.195121951219512
33,2160,7,0.0416666666666667,1,0.666666666666667,1,0
34,1800,8,0.15,1,0.8,1,0
35,2250,10,0.08,1,0.32,1,0
36,1800,8,0,1,0.65,1,1
37,5130,12,0.210526315789474,1,0.614035087719298,2,0
38,10890,14,0.198347107438017,1,0.611570247933884,3,1
39,1980,9,0,1,0.636363636363636,1,1
40,3150,11,0.0857142857142857,1,0.314285714285714,1,0
41,4680,10,0.0961538461538462,1,0.692307692307692,1,0
42,16470,16,0.213114754098361,2,0.628415300546448,3,1
43,19890,16,0.226244343891403,3,0.656108597285068,3,0.538461538461538
44,13590,16,0.245033112582781,4,0.655629139072848,3,1
45,4320,14,0.25,1,0.5625,1,0
46,2430,10,0.111111111111111,2,0.777777777777778,1,1
47,2250,9,0.04,1,0.6,1,0
48,5940,14,0.272727272727273,1,0.636363636363636,2,0
49,19350,15,0.26046511627907,1,0.265116279069767,3,0
50,2160,9,0.166666666666667,1,0.583333333333333,1,1
51,2070,13,0.260869565217391,1,0.521739130434783,1,0
52,5040,14,0.321428571428571,1,0.875,2,1
53,2520,11,0.214285714285714,1,0.714285714285714,1,0
54,5850,14,0.230769230769231,3,0.646153846153846,2,0.784615384615385
55,1890,11,0.333333333333333,1,0.476190476190476,1,1
56,16830,16,0.224598930481283,3,0.609625668449198,3,0.160427807486631
57,9540,15,0.188679245283019,1,0.481132075471698,2,1
58,13860,15,0.25974025974026,5,0.707792207792208,3,0.792207792207792
59,34380,16,0.282722513089005,1,0.732984293193717,3,0.918848167539267
60,18720,16,0.326923076923077,1,0.860576923076923,3,0
61,1890,9,0.0952380952380952,2,0.333333333333333,1,0.0952380952380952
62,20880,16,0.267241379310345,1,0.491379310344828,3,0.198275862068966
63,8370,14,0.182795698924731,1,0.333333333333333,2,1
64,18000,16,0.245,2,0.605,3,0
65,7200,14,0.275,1,0.75,2,1
66,3420,15,0.342105263157895,1,0.526315789473684,1,0
67,2700,11,0.266666666666667,1,0.633333333333333,1,0
68,3060,13,0.205882352941176,1,0.441176470588235,1,0.823529411764706
69,5850,13,0.123076923076923,3,0.6,2,0.230769230769231
70,11790,16,0.198473282442748,2,0.50381679389313,3,0
71,3420,11,0.0526315789473684,3,0.631578947368421,1,0.5
72,12330,15,0.262773722627737,1,0.751824817518248,3,0
73,5940,13,0.136363636363636,2,0.651515151515151,2,0.833333333333333
74,3510,12,0.153846153846154,1,0.564102564102564,1,0
75,7110,15,0.151898734177215,1,0.506329113924051,2,1
76,7380,14,0.195121951219512,7,0.524390243902439,2,0.0853658536585366
77,6480,13,0.208333333333333,2,0.527777777777778,2,0.444444444444444
78,1890,13,0.19047619047619,1,0.523809523809524,1,0
79,4950,12,0.163636363636364,1,0.690909090909091,1,0
80,2610,13,0.310344827586207,2,0.586206896551724,1,0
81,5220,12,0.206896551724138,1,0.448275862068966,2,0.96551724137931
82,15120,16,0.244047619047619,3,0.428571428571429,3,0
83,13950,16,0.219354838709677,6,0.574193548387097,3,0.135483870967742
84,6120,14,0.25,1,0.691176470588235,2,1
85,25920,15,0.239583333333333,10,0.541666666666667,3,0.0243055555555556
86,2070,12,0.0869565217391304,1,0.478260869565217,1,0
87,18990,16,0.227488151658768,1,0.616113744075829,3,0
88,1890,11,0.0476190476190476,1,0.666666666666667,1,0
89,6840,15,0.289473684210526,1,0.697368421052632,2,0
90,27000,16,0.29,1,0.8,3,0.176666666666667
91,8820,14,0.214285714285714,1,0.73469387755102,2,0
92,34920,16,0.234536082474227,9,0.414948453608247,3,0.0154639175257732
93,1800,11,0.25,1,0.55,1,0
94,36000,16,0.2525,3,0.605,3,0.1575
95,25020,16,0.273381294964029,5,0.514388489208633,3,0
96,5040,11,0.214285714285714,1,0.857142857142857,2,1
97,5670,13,0.174603174603175,1,0.761904761904762,2,0
98,2430,10,0.37037037037037,1,0.481481481481481,1,0.814814814814815
99,12240,15,0.183823529411765,4,0.573529411764706,3,0
100,5310,10,0.0508474576271186,1,0.372881355932203,2,0
101,6030,16,0.194029850746269,1,0.253731343283582,2,1
102,19440,15,0.236111111111111,6,0.106481481481481,3,0.671296296296296
103,2610,10,0.275862068965517,2,0.551724137931034,1,1
104,9990,15,0.171171171171171,2,0.234234234234234,2,0.324324324324324
105,2070,8,0,1,0.478260869565217,1,0
106,5760,13,0.28125,3,0.671875,2,0.96875
107,1980,10,0.0454545454545455,1,0.363636363636364,1,0
108,2970,13,0.242424242424242,1,0.484848484848485,1,0
109,21060,16,0.217948717948718,1,0.491452991452991,3,0
110,11970,13,0.172932330827068,1,0.308270676691729,3,1
111,2160,11,0,1,0.583333333333333,1,0
112,4140,10,0.0434782608695652,4,0.673913043478261,1,0.891304347826087
113,4590,12,0.156862745098039,3,0.549019607843137,1,0.470588235294118
114,4320,13,0.1875,2,0.479166666666667,1,0
115,8280,15,0.239130434782609,1,0.673913043478261,2,0
116,12870,14,0.188811188811189,7,0.286713286713287,3,0.671328671328671
117,7740,15,0.127906976744186,3,0.662790697674419,2,0
118,6390,14,0.295774647887324,1,0.929577464788732,2,0
119,16290,15,0.204419889502762,6,0.740331491712707,3,0
120,2340,10,0.269230769230769,1,0.615384615384615,1,1
121,6660,12,0.216216216216216,2,0.594594594594595,2,1
122,5490,14,0.311475409836066,1,0.737704918032787,2,0
123,4860,13,0.314814814814815,2,0.666666666666667,1,0.222222222222222
124,2160,6,0.208333333333333,2,0.5,1,0
125,16380,15,0.208791208791209,2,0.472527472527473,3,0
126,4050,11,0.0666666666666667,2,0.511111111111111,1,1
127,2070,10,0.173913043478261,1,0.826086956521739,1,0
128,16560,16,0.239130434782609,1,0.597826086956522,3,0
129,2700,10,0.0333333333333333,1,0.233333333333333,1,0
130,31770,16,0.212464589235127,10,0.728045325779037,3,0.0056657223796034
131,2700,12,0.3,1,0.766666666666667,1,0
132,1980,7,0.181818181818182,1,0.636363636363636,1,0
133,2340,9,0.153846153846154,1,0.384615384615385,1,0
134,2250,11,0.16,1,0.6,1,1
135,4950,15,0.309090909090909,1,0.509090909090909,1,0
136,3150,13,0.314285714285714,2,0.914285714285714,1,0.257142857142857
137,4230,14,0.25531914893617,1,0.808510638297872,1,0
138,4590,13,0.352941176470588,1,0.92156862745098,1,0
139,2160,4,0.0416666666666667,1,0.75,1,0
140,1890,9,0.0476190476190476,1,0.428571428571429,1,0
141,9630,16,0.214953271028037,3,0.588785046728972,2,0.0280373831775701
142,2970,10,0.121212121212121,1,0.606060606060606,1,0
143,1800,4,0,1,0.65,1,0
144,18540,17,0.218446601941748,2,0.679611650485437,3,1
145,28440,16,0.215189873417722,9,0.490506329113924,3,0
146,2610,11,0.0344827586206897,1,0.620689655172414,1,0
147,1800,9,0,1,0.85,1,0
148,5850,12,0.230769230769231,2,0.753846153846154,2,0.384615384615385
149,3240,12,0.0555555555555556,1,0.305555555555556,1,0
150,2880,11,0.21875,1,0.8125,1,0
151,27630,15,0.254071661237785,1,0.736156351791531,3,0
152,9540,15,0.19811320754717,6,0.830188679245283,2,0
153,2070,7,0.0434782608695652,1,0.347826086956522,1,1
154,4590,11,0.215686274509804,1,0.705882352941177,1,0
155,1980,8,0.0454545454545455,1,0.136363636363636,1,0
156,3330,12,0.27027027027027,1,0.621621621621622,1,0
157,4590,14,0.196078431372549,2,0.607843137254902,1,0.137254901960784
158,15570,15,0.23121387283237,1,0.647398843930636,3,0
159,9630,15,0.205607476635514,6,0.514018691588785,2,0
160,10800,15,0.241666666666667,3,0.733333333333333,3,0
161,5220,13,0.172413793103448,1,0.172413793103448,2,0
162,3780,15,0.214285714285714,1,0.595238095238095,1,0
163,2070,10,0,1,0.434782608695652,1,1
164,5670,15,0.222222222222222,2,0.793650793650794,2,1
165,2700,9,0.166666666666667,1,0.7,1,0
166,1800,6,0.1,1,0.55,1,0
167,6210,14,0.260869565217391,1,0.579710144927536,2,0
168,6210,14,0.289855072463768,1,0.521739130434783,2,0
169,3330,13,0.324324324324324,2,0.648648648648649,1,0
170,1980,4,0.227272727272727,5,0.454545454545455,1,0
171,2520,8,0.0357142857142857,1,0.535714285714286,1,0
172,2430,10,0.222222222222222,1,0.333333333333333,1,0
173,3870,11,0.0930232558139535,1,0.86046511627907,1,0
174,15930,16,0.225988700564972,3,0.627118644067797,3,0
175,3420,8,0.263157894736842,1,0.631578947368421,1,0
176,5670,12,0.158730158730159,1,0.619047619047619,2,0
177,10350,12,0.191304347826087,2,0.617391304347826,3,0.104347826086957
178,24570,16,0.223443223443223,6,0.652014652014652,3,0.0293040293040293
179,3780,11,0.0714285714285714,1,0.476190476190476,1,0
180,5670,14,0.253968253968254,4,0.682539682539683,2,0
181,39150,16,0.181609195402299,1,0.0459770114942529,3,0.0689655172413793
182,2520,13,0.25,2,0.571428571428571,1,0.714285714285714
183,4770,13,0.264150943396226,3,0.377358490566038,1,0.0754716981132075
184,22590,15,0.282868525896414,1,0.581673306772908,3,0
185,4320,15,0.291666666666667,1,0.875,1,1
186,8280,16,0.206521739130435,3,0.521739130434783,2,0
187,5040,14,0.303571428571429,2,0.785714285714286,2,1
188,10080,16,0.223214285714286,1,0.625,3,0.642857142857143
189,16830,16,0.267379679144385,1,0.716577540106952,3,0
190,5310,14,0.220338983050847,2,0.457627118644068,2,0.11864406779661
191,2430,10,0,2,0.518518518518518,1,1
192,3150,11,0.257142857142857,1,0.6,1,1
193,10890,15,0.181818181818182,2,0.462809917355372,3,0
194,27450,16,0.255737704918033,2,0.298360655737705,3,0.154098360655738
195,8640,14,0.197916666666667,11,0.427083333333333,2,0.125
196,3510,13,0.179487179487179,1,0.564102564102564,1,0
197,10620,15,0.161016949152542,1,0.457627118644068,3,0
198,16290,15,0.226519337016575,1,0.403314917127072,3,0
199,3600,12,0.25,1,0.45,1,1
200,19440,16,0.240740740740741,3,0.759259259259259,3,0.726851851851852
201,34740,16,0.284974093264249,3,0.357512953367876,3,0.269430051813472
202,1800,11,0.1,1,0.35,1,1
203,3870,15,0.13953488372093,1,0.465116279069767,1,0
204,3780,12,0.142857142857143,2,0.523809523809524,1,0.333333333333333
205,1980,7,0.0454545454545455,1,0.318181818181818,1,1
206,5760,14,0.140625,1,0.21875,2,0
207,20700,16,0.21304347826087,18,0.356521739130435,3,0.226086956521739
208,2970,13,0.151515151515152,1,0.696969696969697,1,0.818181818181818
209,2970,13,0.212121212121212,3,0.454545454545455,1,0
210,11880,14,0.242424242424242,2,0.757575757575758,3,0
211,3330,13,0.324324324324324,1,0.378378378378378,1,0
212,2250,11,0.28,1,0.72,1,1
213,11340,16,0.26984126984127,2,0.841269841269841,3,1
214,11520,15,0.2265625,2,0.7109375,3,0
215,8370,13,0.182795698924731,1,0.623655913978495,2,0
216,11790,15,0.251908396946565,5,0.641221374045801,3,0.244274809160305
217,6840,14,0.210526315789474,1,0.394736842105263,2,1
218,4770,13,0.283018867924528,2,0.509433962264151,1,1
219,2520,10,0.178571428571429,3,0.678571428571429,1,0.285714285714286
220,1980,9,0,1,0.681818181818182,1,1
221,13140,15,0.205479452054795,2,0.589041095890411,3,0.73972602739726
222,34830,16,0.229974160206718,5,0.382428940568475,3,0.55297157622739
223,9450,16,0.2,1,0.4,2,0
224,12690,15,0.25531914893617,1,0.347517730496454,3,0.638297872340426
225,2430,15,0.222222222222222,1,0.925925925925926,1,0
226,4500,12,0.24,1,0.68,1,0
227,5220,11,0.241379310344828,1,0.568965517241379,2,0.96551724137931
228,1890,10,0.142857142857143,1,0.428571428571429,1,0
229,2700,9,0.0333333333333333,1,0.366666666666667,1,0
230,11970,14,0.263157894736842,1,0.669172932330827,3,0
231,1890,10,0.238095238095238,2,0.619047619047619,1,0
232,8370,14,0.21505376344086,4,0.709677419354839,2,0.741935483870968
233,9900,15,0.254545454545455,8,0.836363636363636,2,0.663636363636364
234,43200,16,0.258333333333333,5,0.329166666666667,3,0.527083333333333
235,8460,16,0.25531914893617,1,0.829787234042553,2,0
236,11160,15,0.282258064516129,1,0.508064516129032,3,0
237,4320,14,0.3125,1,0.875,1,1
238,2610,13,0.137931034482759,1,0.344827586206897,1,0
239,14310,15,0.264150943396226,1,0.754716981132076,3,0
240,2160,10,0.0416666666666667,1,0.583333333333333,1,1
241,2070,7,0.0434782608695652,1,0.478260869565217,1,1
242,1800,13,0.25,1,0.85,1,0
243,7290,15,0.259259259259259,1,0.580246913580247,2,1
244,21420,15,0.226890756302521,1,0.647058823529412,3,0.126050420168067
245,1980,11,0.181818181818182,1,0.5,1,0
246,17550,15,0.246153846153846,1,0.358974358974359,3,0.656410256410256
247,2340,11,0.192307692307692,1,0.730769230769231,1,0
248,5040,11,0.214285714285714,1,0.517857142857143,2,0
249,14490,15,0.22360248447205,2,0.770186335403727,3,0.341614906832298
250,10980,14,0.172131147540984,2,0.721311475409836,3,0.852459016393443
251,6930,15,0.246753246753247,1,0.61038961038961,2,0
252,1890,9,0.238095238095238,1,0.904761904761905,1,0
253,8730,14,0.22680412371134,1,0.711340206185567,2,0
254,14310,16,0.245283018867925,2,0.308176100628931,3,0.893081761006289
255,7470,13,0.27710843373494,1,0.265060240963855,2,0
256,18630,16,0.21256038647343,1,0.72463768115942,3,0.386473429951691
257,5130,13,0.157894736842105,4,0.736842105263158,2,0.0175438596491228
258,2070,7,0.0434782608695652,1,0.608695652173913,1,0.130434782608696
259,4140,10,0.152173913043478,6,0.717391304347826,1,0.739130434782609
260,2160,8,0.0416666666666667,1,0.708333333333333,1,1
261,2430,11,0.222222222222222,1,0.740740740740741,1,0
262,14400,15,0.26875,2,0.3375,3,0
263,11070,16,0.178861788617886,1,0.75609756097561,3,0.504065040650406
264,10800,14,0.275,1,0.791666666666667,3,1
265,4140,14,0.260869565217391,1,0.565217391304348,1,1
266,2070,12,0.173913043478261,1,0.478260869565217,1,1
267,16650,16,0.237837837837838,1,0.675675675675676,3,0
268,29520,16,0.222560975609756,4,0.317073170731707,3,0
269,29070,16,0.287925696594427,1,0.430340557275542,3,0
270,12420,15,0.318840579710145,1,0.840579710144927,3,0.0507246376811594
271,25020,16,0.26978417266187,2,0.579136690647482,3,0
272,4590,13,0.235294117647059,1,0.901960784313726,1,0
273,1980,8,0,1,0.590909090909091,1,0
274,6390,15,0.23943661971831,1,0.76056338028169,2,1
275,8550,14,0.189473684210526,3,0.242105263157895,2,0.263157894736842
276,46620,16,0.239382239382239,14,0.528957528957529,3,0.0907335907335907
277,4860,13,0.296296296296296,1,0.611111111111111,1,0
278,2070,12,0.173913043478261,1,0.782608695652174,1,0
279,39060,16,0.19815668202765,25,0.481566820276498,3,0.228110599078341
280,23220,16,0.24031007751938,1,0.5,3,0
281,2340,9,0.0384615384615385,1,0.423076923076923,1,1
282,1980,9,0.0454545454545455,2,0.545454545454545,1,0
283,4770,13,0.226415094339623,1,0.830188679245283,1,1
284,4230,11,0.0638297872340425,1,0.48936170212766,1,0
285,2880,13,0.0625,1,0.75,1,0
286,25920,16,0.215277777777778,8,0.628472222222222,3,0.00347222222222222
287,5580,14,0.193548387096774,2,0.790322580645161,2,0
288,6750,15,0.173333333333333,4,0.733333333333333,2,0.386666666666667
289,2430,11,0.296296296296296,1,0.333333333333333,1,1
290,13500,15,0.226666666666667,2,0.433333333333333,3,0
291,26640,16,0.22972972972973,2,0.658783783783784,3,0.097972972972973
292,11160,14,0.25,2,0.814516129032258,3,0.887096774193548
293,34920,16,0.270618556701031,1,0.31701030927835,3,0
294,13500,16,0.22,3,0.48,3,0.353333333333333
295,17640,16,0.239795918367347,2,0.908163265306122,3,0
296,13230,15,0.231292517006803,1,0.80952380952381,3,0
297,17280,16,0.239583333333333,6,0.484375,3,0.625
298,11430,16,0.244094488188976,2,0.716535433070866,3,0.047244094488189
299,25200,16,0.257142857142857,6,0.532142857142857,3,0.157142857142857
300,1800,7,0.15,1,0.7,1,0
301,24750,16,0.243636363636364,1,0.596363636363636,3,0
302,1890,10,0.0952380952380952,1,0.142857142857143,1,0
303,43560,16,0.245867768595041,1,0.518595041322314,3,0.481404958677686
304,2340,10,0.153846153846154,1,0.423076923076923,1,0
305,19980,16,0.234234234234234,1,0.468468468468468,3,0
306,2880,11,0.21875,1,0.65625,1,0
307,10080,15,0.223214285714286,7,0.616071428571429,3,0.0892857142857143
308,35730,16,0.312342569269521,1,0.64735516372796,3,0
309,1800,7,0.05,1,0.5,1,0
310,1890,9,0.142857142857143,1,0.666666666666667,1,0
311,26460,16,0.275510204081633,2,0.670068027210884,3,0
312,20070,16,0.318385650224215,1,0.802690582959641,3,0
313,23580,16,0.282442748091603,1,0.538167938931298,3,0
314,22050,16,0.212244897959184,1,0.644897959183673,3,0
315,7830,14,0.264367816091954,2,0.758620689655172,2,0.666666666666667
316,6750,11,0.266666666666667,1,0.56,2,1
317,1980,7,0.136363636363636,1,0.590909090909091,1,0
318,15660,15,0.21264367816092,2,0.655172413793103,3,0
319,2070,10,0.0869565217391304,4,0.478260869565217,1,0.130434782608696
320,13860,14,0.175324675324675,1,0.675324675324675,3,0.662337662337662
321,11250,15,0.344,1,0.608,3,0
322,4590,14,0.313725490196078,1,0.803921568627451,1,0
323,8010,12,0.258426966292135,1,0.561797752808989,2,0
324,5940,13,0.151515151515152,1,0.863636363636364,2,0
325,12780,16,0.211267605633803,1,0.492957746478873,3,1
326,16830,16,0.310160427807487,1,0.454545454545455,3,0
327,25560,17,0.221830985915493,3,0.51056338028169,3,0
328,25470,16,0.286219081272085,4,0.441696113074205,3,0.03886925795053
329,5850,13,0.261538461538462,1,0.492307692307692,2,1
330,13230,16,0.285714285714286,1,0.884353741496599,3,0
331,6300,12,0.285714285714286,1,0.571428571428571,2,0
332,16470,16,0.202185792349727,5,0.770491803278688,3,0.431693989071038
333,2340,8,0.192307692307692,1,0.730769230769231,1,1
334,29970,16,0.201201201201201,2,0.567567567567568,3,0
335,1980,8,0.0454545454545455,1,0.590909090909091,1,1
336,11700,15,0.192307692307692,1,0.315384615384615,3,0
337,3060,13,0.323529411764706,2,0.676470588235294,1,0.264705882352941
338,6750,15,0.266666666666667,1,0.733333333333333,2,0
339,22860,16,0.275590551181102,1,0.736220472440945,3,0
340,3960,11,0.181818181818182,1,0.818181818181818,1,0.181818181818182
341,1890,8,0.142857142857143,1,0.619047619047619,1,0
342,18090,16,0.203980099502488,3,0.497512437810945,3,1
343,21330,16,0.270042194092827,1,0.742616033755274,3,0
344,17100,16,0.215789473684211,4,0.589473684210526,3,0.068421052631579
345,20880,16,0.224137931034483,2,0.560344827586207,3,0.586206896551724
346,17370,16,0.202072538860104,4,0.450777202072539,3,0.00518134715025907
347,17910,16,0.206030150753769,1,0.587939698492462,3,0
348,5220,13,0.224137931034483,1,0.741379310344828,2,0
349,3690,13,0.195121951219512,2,0.414634146341463,1,1
350,4500,13,0.22,1,0.86,1,0
351,3960,10,0.0681818181818182,2,0.795454545454545,1,0.295454545454545
352,3780,9,0.19047619047619,1,0.642857142857143,1,0
353,2250,9,0.04,1,0.56,1,1
354,20970,17,0.28755364806867,3,0.605150214592275,3,0.918454935622318
355,2340,5,0.115384615384615,1,0.923076923076923,1,0
356,2160,4,0.0416666666666667,1,0.583333333333333,1,0
357,6840,15,0.223684210526316,1,0.736842105263158,2,1
358,3870,12,0.209302325581395,1,0.627906976744186,1,0
359,2430,8,0.148148148148148,1,0.666666666666667,1,0
360,9180,15,0.284313725490196,1,0.715686274509804,2,0
361,10890,16,0.28099173553719,1,0.669421487603306,3,0
362,2250,8,0.12,1,0.52,1,0
363,27990,16,0.260450160771704,1,0.405144694533762,3,0
364,1800,8,0.05,1,0.55,1,1
365,5220,14,0.206896551724138,1,0.551724137931034,2,1
366,2970,11,0.424242424242424,1,0.818181818181818,1,0
367,5220,12,0.293103448275862,1,0.862068965517241,2,0
368,4050,12,0.333333333333333,1,0.422222222222222,1,0
369,1980,6,0.0909090909090909,1,0.681818181818182,1,0
370,6750,14,0.266666666666667,1,0.626666666666667,2,0
371,4590,14,0.274509803921569,2,0.784313725490196,1,0.549019607843137
372,5940,13,0.318181818181818,1,0.893939393939394,2,0
373,20970,16,0.236051502145923,1,0.630901287553648,3,0
374,24660,16,0.215328467153285,6,0.492700729927007,3,0.295620437956204
375,2520,10,0.357142857142857,1,0.642857142857143,1,0
376,2700,15,0.266666666666667,1,0.6,1,0
377,2970,7,0.151515151515152,1,0.636363636363636,1,0.212121212121212
378,33750,16,0.261333333333333,6,0.469333333333333,3,0.274666666666667
379,17640,16,0.229591836734694,13,0.755102040816326,3,0
380,14580,16,0.228395061728395,1,0.419753086419753,3,0
381,11430,15,0.251968503937008,1,0.661417322834646,3,1
382,4770,13,0.207547169811321,1,0.452830188679245,1,0
383,6390,14,0.267605633802817,1,0.873239436619718,2,0
384,1980,8,0.0454545454545455,1,0.909090909090909,1,0
385,25290,17,0.270462633451957,5,0.469750889679715,3,0.0355871886120996
386,2070,11,0.260869565217391,1,0.521739130434783,1,1
387,27360,16,0.276315789473684,1,0.490131578947368,3,0
388,4680,13,0.173076923076923,1,0.788461538461538,1,0
389,24390,16,0.276752767527675,6,0.597785977859779,3,0.324723247232472
390,2790,11,0.161290322580645,1,0.709677419354839,1,0
391,10890,15,0.256198347107438,1,0.652892561983471,3,1
392,9990,14,0.207207207207207,1,0.774774774774775,2,0
393,40320,16,0.243303571428571,4,0.441964285714286,3,0
394,13410,15,0.194630872483221,3,0.677852348993289,3,0
395,5130,13,0.175438596491228,2,0.614035087719298,2,0
396,4860,15,0.259259259259259,1,0.481481481481481,1,0.740740740740741
397,9180,16,0.186274509803922,4,0.676470588235294,2,0.990196078431373
398,15480,16,0.273255813953488,4,0.581395348837209,3,0.0465116279069767
399,28710,16,0.219435736677116,2,0.178683385579937,3,0
400,1980,11,0.136363636363636,1,0.590909090909091,1,0
401,13770,16,0.287581699346405,1,0.437908496732026,3,0
402,6120,13,0.294117647058824,1,0.691176470588235,2,1
403,4500,15,0.22,1,0.68,1,0
404,3960,12,0.159090909090909,1,0.477272727272727,1,0.977272727272727
405,66330,16,0.259158751696065,1,0.157394843962008,3,0
406,30780,15,0.304093567251462,6,0.529239766081871,3,0
407,20340,16,0.230088495575221,8,0.548672566371681,3,0
408,2430,7,0.111111111111111,1,0.592592592592593,1,0
409,18270,15,0.251231527093596,2,0.630541871921182,3,0.950738916256158
410,2520,9,0.0357142857142857,1,0.321428571428571,1,1
411,5220,14,0.241379310344828,2,0.637931034482759,2,0
412,4590,11,0.137254901960784,1,0.784313725490196,1,0
413,4500,13,0.24,1,0.62,1,0
414,2250,8,0.04,1,0.68,1,1
415,2160,8,0.25,1,0.833333333333333,1,0
416,44370,16,0.227180527383367,8,0.653144016227181,3,0.545638945233266
417,32850,16,0.23013698630137,3,0.386301369863014,3,0.857534246575342
418,1800,10,0,1,0.35,1,0
419,2880,14,0.3125,1,0.84375,1,0
420,3240,13,0.194444444444444,1,0.722222222222222,1,0
421,5580,14,0.241935483870968,1,0.693548387096774,2,0
422,8730,14,0.288659793814433,2,0.505154639175258,2,0
423,5760,13,0.140625,1,0.5625,2,1
424,3960,12,0.227272727272727,1,0.5,1,1
425,18360,16,0.220588235294118,3,0.32843137254902,3,0
426,9090,15,0.346534653465347,1,0.702970297029703,2,0
427,2790,9,0.0645161290322581,1,0.903225806451613,1,0
428,4950,12,0.0727272727272727,2,0.8,1,0.872727272727273
429,37260,16,0.251207729468599,1,0.449275362318841,3,0
430,5850,12,0.2,1,0.6,2,1
431,1890,8,0.0952380952380952,2,0.428571428571429,1,0.0476190476190476
432,5580,16,0.17741935483871,1,0.629032258064516,2,0.354838709677419
433,3690,14,0.170731707317073,1,0.48780487804878,1,0.75609756097561
434,3960,15,0.272727272727273,1,0.590909090909091,1,1
435,34110,16,0.24802110817942,3,0.437994722955145,3,0.992084432717678
436,13050,15,0.248275862068966,1,0.63448275862069,3,1
437,23670,16,0.254752851711027,3,0.577946768060836,3,0
438,2970,15,0.303030303030303,1,0.848484848484849,1,0
439,2790,12,0.193548387096774,1,0.580645161290323,1,0
440,4590,11,0.196078431372549,2,0.764705882352941,1,0
441,1800,8,0.35,1,0.55,1,0
442,12870,16,0.237762237762238,1,0.328671328671329,3,0
443,2160,10,0.125,1,0.5,1,0
444,2160,8,0.25,2,0.666666666666667,1,0
445,12150,16,0.222222222222222,2,0.118518518518519,3,0
446,3240,11,0.0555555555555556,1,0.194444444444444,1,0
447,12510,16,0.251798561151079,1,0.575539568345324,3,0
448,3420,10,0,1,0.578947368421053,1,0
449,6750,13,0.173333333333333,2,0.666666666666667,2,0
450,48600,16,0.257407407407407,11,0.7,3,0.0259259259259259
451,8820,13,0.0918367346938776,1,0.387755102040816,2,0
452,18540,16,0.266990291262136,13,0.533980582524272,3,0
453,14040,16,0.230769230769231,3,0.467948717948718,3,0.423076923076923
454,21240,16,0.25,3,0.334745762711864,3,0.0211864406779661
455,17010,16,0.253968253968254,4,0.502645502645503,3,0.0264550264550265
456,19530,16,0.235023041474654,2,0.516129032258065,3,1
457,24930,16,0.245487364620939,2,0.779783393501805,3,0
458,16470,16,0.251366120218579,2,0.710382513661202,3,0.0765027322404372
459,10620,14,0.228813559322034,1,0.491525423728814,3,1
460,6120,14,0.235294117647059,1,0.470588235294118,2,0
461,2070,11,0.173913043478261,1,0.347826086956522,1,0
462,2970,12,0.121212121212121,1,0.727272727272727,1,0
463,11970,16,0.233082706766917,4,0.360902255639098,3,0.0902255639097744
464,4770,14,0.226415094339623,1,0.792452830188679,1,1
465,7200,15,0.15,1,0.475,2,1
466,9090,14,0.118811881188119,1,0.495049504950495,2,0
467,3960,12,0.159090909090909,1,0.636363636363636,1,0
468,12870,16,0.237762237762238,1,0.72027972027972,3,0
469,3870,12,0.372093023255814,1,0.976744186046512,1,0
470,5130,12,0.315789473684211,1,0.526315789473684,2,0
471,2790,11,0.161290322580645,1,0.516129032258065,1,0
472,23670,16,0.224334600760456,3,0.813688212927757,3,0.00380228136882129
473,3150,11,0.285714285714286,1,0.714285714285714,1,0
474,29430,16,0.293577981651376,2,0.785932721712538,3,0.00917431192660551
475,1800,8,0.1,2,0.65,1,0
476,7470,13,0.144578313253012,1,0.518072289156627,2,1
477,3150,12,0.285714285714286,1,1,1,0
478,10170,16,0.238938053097345,1,0.513274336283186,3,0.123893805309735
479,18180,16,0.193069306930693,3,0.574257425742574,3,0.0544554455445545
480,5400,16,0.283333333333333,1,0.733333333333333,2,0
481,5040,12,0.160714285714286,1,0.767857142857143,2,0
482,2340,11,0.192307692307692,1,0.5,1,0
483,5310,13,0.220338983050847,2,0.254237288135593,2,0.915254237288136
484,12510,16,0.244604316546763,4,0.79136690647482,3,0.151079136690647
485,2340,11,0.0384615384615385,1,0.307692307692308,1,1
486,17010,16,0.222222222222222,1,0.37037037037037,3,0
487,20790,16,0.225108225108225,4,0.593073593073593,3,0.904761904761905
488,13860,14,0.246753246753247,2,0.519480519480519,3,0
489,9810,12,0.0917431192660551,2,0.605504587155963,2,0
490,5130,13,0.280701754385965,1,0.315789473684211,2,0
491,2970,10,0.242424242424242,1,0.666666666666667,1,0
492,4950,13,0.345454545454545,1,0.490909090909091,1,0
493,12150,15,0.162962962962963,2,0.644444444444444,3,1
494,4230,16,0.276595744680851,1,0.680851063829787,1,0
495,19170,15,0.23943661971831,1,0.676056338028169,3,1
496,11610,15,0.248062015503876,1,0.333333333333333,3,0
497,25110,16,0.229390681003584,2,0.379928315412186,3,0
498,13410,15,0.261744966442953,2,0.395973154362416,3,0
499,9180,15,0.284313725490196,3,0.686274509803922,2,0.862745098039216
500,20250,16,0.257777777777778,4,0.493333333333333,3,0.608888888888889
501,6570,15,0.219178082191781,1,0.684931506849315,2,0
502,3330,12,0.162162162162162,1,0.378378378378378,1,1
503,14400,15,0.225,5,0.69375,3,0
504,22590,15,0.254980079681275,2,0.625498007968127,3,0
505,10080,15,0.223214285714286,2,0.464285714285714,3,0.116071428571429
506,21780,16,0.243801652892562,8,0.640495867768595,3,0
507,5220,13,0.137931034482759,1,0.931034482758621,2,0
508,7830,13,0.241379310344828,1,0.64367816091954,2,0
509,2970,13,0.121212121212121,1,0.272727272727273,1,0
510,2700,10,0.2,1,0.233333333333333,1,0
511,2160,7,0.0833333333333333,1,0.708333333333333,1,1
512,1890,9,0.285714285714286,1,0.857142857142857,1,0
513,1980,10,0.181818181818182,1,0.863636363636364,1,0
514,17460,16,0.237113402061856,6,0.711340206185567,3,0.201030927835052
515,3600,9,0.1,1,0.325,1,0
516,1890,9,0.142857142857143,1,0.761904761904762,1,0
517,3330,15,0.189189189189189,1,0.459459459459459,1,0.108108108108108
518,6570,12,0.246575342465753,1,0.520547945205479,2,0
519,4410,12,0.0816326530612245,2,0.755102040816326,1,0
520,2070,11,0.0434782608695652,1,0.565217391304348,1,1
521,13500,15,0.213333333333333,5,0.32,3,0.953333333333333
522,2700,9,0.233333333333333,1,0.866666666666667,1,1
523,9000,15,0.21,1,0.88,2,1
524,27540,16,0.284313725490196,5,0.562091503267974,3,0.0163398692810458
525,4860,16,0.203703703703704,1,0.425925925925926,1,0
526,6120,14,0.117647058823529,1,0.397058823529412,2,0
527,12330,15,0.255474452554745,1,0.664233576642336,3,0
528,4770,12,0.264150943396226,3,0.622641509433962,1,0.169811320754717
529,3870,11,0.0697674418604651,1,0.720930232558139,1,0
530,4050,12,0.2,5,0.733333333333333,1,0.733333333333333
531,2700,8,0.0666666666666667,1,0.566666666666667,1,0
532,24660,16,0.175182481751825,11,0.759124087591241,3,0.708029197080292
533,23400,16,0.242307692307692,14,0.557692307692308,3,0
534,7200,14,0.275,1,0.8125,2,0
535,19620,15,0.284403669724771,1,0.715596330275229,3,0
536,14670,16,0.202453987730061,1,0.668711656441718,3,0.141104294478528
537,44100,16,0.261224489795918,2,0.26734693877551,3,1
538,7290,13,0.185185185185185,2,0.530864197530864,2,0
539,5040,14,0.25,1,0.732142857142857,2,0
540,5670,15,0.26984126984127,1,0.666666666666667,2,1
541,11970,15,0.218045112781955,5,0.601503759398496,3,0.503759398496241
542,12150,14,0.2,1,0.518518518518518,3,0
543,17730,15,0.228426395939086,8,0.558375634517767,3,0.131979695431472
544,2790,10,0.0967741935483871,1,0.225806451612903,1,0
545,14580,15,0.240740740740741,4,0.493827160493827,3,0.87037037037037
546,5310,13,0.186440677966102,1,0.728813559322034,2,0
547,2070,10,0,1,0.652173913043478,1,0
548,13950,16,0.270967741935484,3,0.658064516129032,3,0.67741935483871
549,2250,10,0.12,1,0.56,1,0
550,3600,12,0.225,1,0.625,1,0
551,30060,16,0.227544910179641,1,0.694610778443114,3,1
552,7560,15,0.202380952380952,1,0.202380952380952,2,0.119047619047619
553,9000,15,0.38,1,0.79,2,0
554,10260,15,0.263157894736842,3,0.543859649122807,3,0.0964912280701754
555,4680,11,0.173076923076923,1,0.807692307692308,1,0
556,3960,13,0.227272727272727,1,0.795454545454545,1,0
557,4770,13,0.0566037735849057,4,0.60377358490566,1,0
558,1800,12,0.25,1,0.85,1,0
559,6840,14,0.236842105263158,1,0.565789473684211,2,0
560,9090,15,0.188118811881188,1,0.425742574257426,2,0
561,32130,16,0.291316526610644,1,0.324929971988796,3,0
562,6480,13,0.180555555555556,1,0.666666666666667,2,0
563,2700,12,0.1,1,0.733333333333333,1,1
564,3060,14,0.147058823529412,1,0.5,1,0.441176470588235
565,3150,7,0.171428571428571,1,0.942857142857143,1,0
566,13410,16,0.241610738255034,1,0.557046979865772,3,0
567,13950,15,0.354838709677419,1,0.741935483870968,3,0
568,7290,15,0.283950617283951,1,0.54320987654321,2,0.91358024691358
569,6300,14,0.242857142857143,1,0.485714285714286,2,0
570,1980,9,0.0909090909090909,1,0.272727272727273,1,0
571,1800,9,0.2,1,0.6,1,1
572,1800,9,0.15,1,0.5,1,0
573,4590,15,0.274509803921569,1,0.764705882352941,1,0
574,4140,11,0.0434782608695652,1,0.565217391304348,1,0
575,2340,12,0.230769230769231,1,0.423076923076923,1,0
576,3240,12,0.305555555555556,4,0.527777777777778,1,0.916666666666667
577,16920,15,0.24468085106383,2,0.648936170212766,3,0.0212765957446809
578,2160,7,0.0416666666666667,3,0.208333333333333,1,0
579,6660,14,0.175675675675676,1,0.459459459459459,2,0
580,4230,14,0.25531914893617,1,0.48936170212766,1,0
581,2520,13,0.392857142857143,1,0.678571428571429,1,1
582,5580,15,0.209677419354839,1,0.435483870967742,2,0
583,2430,9,0.333333333333333,1,0.962962962962963,1,1
584,2160,12,0.25,1,0.625,1,1
585,7200,13,0.2,1,0.6,2,0
586,14940,16,0.259036144578313,1,0.391566265060241,3,0.234939759036145
587,8820,12,0.112244897959184,1,0.336734693877551,2,1
588,20250,16,0.222222222222222,1,0.622222222222222,3,0.257777777777778
589,3870,10,0.0930232558139535,1,0.558139534883721,1,1
590,4320,12,0.270833333333333,1,0.520833333333333,1,0
591,7560,15,0.226190476190476,1,0.583333333333333,2,0.238095238095238
592,32400,17,0.202777777777778,5,0.713888888888889,3,0
593,14040,16,0.275641025641026,6,0.57051282051282,3,0.429487179487179
594,2250,11,0.28,1,0.48,1,0
595,8640,16,0.177083333333333,1,0.416666666666667,2,0.0104166666666667
596,1800,10,0.1,1,0.55,1,1
597,3690,11,0.195121951219512,1,0.634146341463415,1,0
598,2250,10,0.12,1,0.6,1,0
599,4230,14,0.170212765957447,1,0.723404255319149,1,0
600,8010,15,0.202247191011236,1,0.550561797752809,2,1
601,13320,14,0.202702702702703,1,0.5,3,0
602,2610,13,0.172413793103448,1,0.655172413793103,1,0.517241379310345
603,4230,11,0.191489361702128,1,0.702127659574468,1,0
604,2430,11,0.296296296296296,1,0.444444444444444,1,0
605,8100,16,0.244444444444444,5,0.622222222222222,2,0.0333333333333333
606,21240,15,0.241525423728814,5,0.73728813559322,3,0
607,3330,9,0.324324324324324,1,0.72972972972973,1,1
608,14670,15,0.263803680981595,1,0.656441717791411,3,0
609,2520,10,0.142857142857143,2,0.321428571428571,1,1
610,6750,15,0.266666666666667,1,0.64,2,0
611,3780,10,0.0238095238095238,1,0.642857142857143,1,0
612,2430,10,0.333333333333333,1,0.481481481481481,1,1
613,2520,11,0.214285714285714,1,0.821428571428571,1,1
614,3510,14,0.256410256410256,1,0.358974358974359,1,1
615,9270,13,0.233009708737864,1,0.747572815533981,2,0
616,3870,11,0.0697674418604651,1,0.581395348837209,1,1
617,9720,14,0.296296296296296,1,0.333333333333333,2,1
618,19440,16,0.25462962962963,1,0.421296296296296,3,1
619,8010,14,0.258426966292135,1,0.550561797752809,2,1
620,9900,16,0.172727272727273,1,0.645454545454546,2,0
621,15390,15,0.216374269005848,7,0.567251461988304,3,0.0584795321637427
622,20520,16,0.236842105263158,2,0.504385964912281,3,0.587719298245614
623,4050,13,0.311111111111111,1,0.644444444444444,1,0
624,12690,16,0.198581560283688,3,0.546099290780142,3,0
625,9540,15,0.179245283018868,4,0.443396226415094,2,0.169811320754717
626,2880,8,0.0625,2,0.28125,1,1
627,16290,16,0.276243093922652,1,0.43646408839779,3,0
628,2430,10,0.037037037037037,1,0.925925925925926,1,0
629,10890,14,0.214876033057851,1,0.727272727272727,3,0
630,9720,15,0.259259259259259,1,0.453703703703704,2,0
631,1800,9,0.05,1,0.45,1,1
632,10620,15,0.271186440677966,1,0.567796610169492,3,0
633,5220,12,0.155172413793103,2,0.431034482758621,2,0.637931034482759
634,12150,16,0.222222222222222,4,0.459259259259259,3,0.00740740740740741
635,3060,11,0.117647058823529,1,0.352941176470588,1,0
636,1800,9,0.35,1,0.8,1,0
637,9360,14,0.25,1,0.211538461538462,2,0
638,6030,13,0.17910447761194,1,0.522388059701492,2,0
639,13320,15,0.256756756756757,1,0.344594594594595,3,0
640,9810,13,0.18348623853211,4,0.825688073394495,2,0.18348623853211
641,3600,11,0.175,1,0.8,1,0
642,28620,16,0.232704402515723,8,0.569182389937107,3,0.685534591194969
643,18540,16,0.29126213592233,2,0.62621359223301,3,0
644,3780,14,0.19047619047619,1,0.928571428571429,1,0
645,10980,14,0.221311475409836,1,0.729508196721312,3,0
646,3420,10,0.0789473684210526,1,0.131578947368421,1,0
647,5220,13,0.224137931034483,2,0.724137931034483,2,0.862068965517241
648,26730,16,0.245791245791246,5,0.461279461279461,3,0
649,2160,10,0.291666666666667,1,0.666666666666667,1,0
650,27990,16,0.289389067524116,2,0.308681672025723,3,0.228295819935691
651,1890,10,0.0952380952380952,2,0.476190476190476,1,0
652,1980,10,0.227272727272727,1,0.454545454545455,1,0
653,25470,16,0.226148409893993,7,0.261484098939929,3,0.303886925795053
654,13230,16,0.183673469387755,1,0.666666666666667,3,0
655,61650,17,0.237956204379562,17,0.166423357664234,3,0.278832116788321
656,2160,9,0.0833333333333333,1,0.166666666666667,1,0
657,2610,12,0.137931034482759,1,0.517241379310345,1,0
658,6390,15,0.28169014084507,2,0.619718309859155,2,1
659,17190,16,0.267015706806283,2,0.664921465968586,3,0.418848167539267
660,20160,16,0.232142857142857,4,0.209821428571429,3,0.00892857142857143
661,10890,16,0.247933884297521,3,0.71900826446281,3,0.512396694214876
662,2070,8,0.347826086956522,1,0.652173913043478,1,0
663,14220,16,0.221518987341772,1,0.525316455696203,3,1
664,14940,16,0.253012048192771,2,0.632530120481928,3,0.855421686746988
665,12780,16,0.211267605633803,1,0.563380281690141,3,0
666,22050,16,0.244897959183673,3,0.587755102040816,3,0
667,4230,13,0.234042553191489,1,0.659574468085106,1,0
668,4140,12,0.108695652173913,4,0.565217391304348,1,0.195652173913043
669,9000,14,0.24,4,0.47,2,0
670,4140,15,0.434782608695652,1,0.695652173913043,1,0
671,11160,15,0.258064516129032,6,0.491935483870968,3,0
672,2610,14,0.275862068965517,1,0.448275862068966,1,0
673,3150,11,0.0285714285714286,1,0.714285714285714,1,0
674,3690,13,0.24390243902439,1,0.560975609756098,1,1
675,3060,12,0.205882352941176,1,0.676470588235294,1,1
676,6930,14,0.181818181818182,1,0.688311688311688,2,1
677,4410,15,0.142857142857143,2,0.673469387755102,1,0.836734693877551
678,2520,12,0.25,1,0.464285714285714,1,0
679,5580,13,0.193548387096774,2,0.580645161290323,2,0.983870967741935
680,3420,12,0.289473684210526,2,0.763157894736842,1,0
681,1980,6,0.136363636363636,1,0.5,1,0
682,35910,16,0.265664160401002,1,0.368421052631579,3,0
683,6750,11,0.146666666666667,1,0.373333333333333,2,0.533333333333333
684,7740,15,0.13953488372093,4,0.523255813953488,2,0
685,1800,9,0.05,1,0,1,0
686,6390,14,0.154929577464789,1,0.915492957746479,2,0
687,1890,8,0.0952380952380952,1,0.523809523809524,1,1
688,2160,7,0.125,1,0.958333333333333,1,0
689,3240,14,0.277777777777778,1,0.638888888888889,1,0.0555555555555556
690,10350,15,0.217391304347826,1,0.4,3,0
691,2880,9,0.28125,1,0.8125,1,0
692,3600,12,0.15,1,0.425,1,0
693,13860,16,0.266233766233766,3,0.383116883116883,3,0
694,14130,16,0.273885350318471,1,0.859872611464968,3,0
695,3420,10,0,1,0.526315789473684,1,1
696,2610,9,0.137931034482759,1,0.758620689655172,1,0
697,9450,15,0.19047619047619,1,0.619047619047619,2,0
698,11430,16,0.275590551181102,1,0.322834645669291,3,0
699,13410,15,0.241610738255034,10,0.288590604026846,3,0.134228187919463
700,1890,6,0.142857142857143,1,0.523809523809524,1,0
701,2970,12,0.212121212121212,1,0.818181818181818,1,0
702,2790,13,0.225806451612903,1,0.32258064516129,1,0
703,4230,13,0.297872340425532,1,0.574468085106383,1,1
704,8100,15,0.244444444444444,1,0.588888888888889,2,1
705,10260,16,0.228070175438596,2,0.570175438596491,3,0
706,2610,10,0.275862068965517,1,0.551724137931034,1,0
707,21240,16,0.23728813559322,4,0.504237288135593,3,0.144067796610169
708,9450,16,0.171428571428571,2,0.457142857142857,2,0
709,12420,15,0.289855072463768,1,0.536231884057971,3,0
710,7740,15,0.13953488372093,2,0.651162790697674,2,0.976744186046512
711,19890,16,0.190045248868778,7,0.701357466063348,3,0.95475113122172
712,14580,16,0.185185185185185,3,0.635802469135803,3,0
713,2700,10,0.133333333333333,1,0.233333333333333,1,1
714,3960,15,0.25,1,0.454545454545455,1,1
715,15030,16,0.215568862275449,1,0.508982035928144,3,0
716,24210,16,0.286245353159851,1,0.672862453531598,3,0
717,8370,16,0.139784946236559,2,0.666666666666667,2,0
718,3510,11,0.307692307692308,1,0.641025641025641,1,0.0512820512820513
719,6030,13,0.26865671641791,7,0.402985074626866,2,0.358208955223881
720,2700,10,0.0333333333333333,1,0.766666666666667,1,0
721,15120,16,0.202380952380952,1,0.446428571428571,3,0.875
722,3780,10,0.166666666666667,1,0.595238095238095,1,0
723,1980,11,0.0909090909090909,1,0.363636363636364,1,0.863636363636364
724,7650,11,0.105882352941176,1,0.223529411764706,2,0
725,2250,10,0.2,1,0.72,1,1
726,2160,11,0.291666666666667,2,0.333333333333333,1,0.666666666666667
727,28980,16,0.217391304347826,1,0.329192546583851,3,0.96583850931677
728,2340,9,0.192307692307692,1,0.653846153846154,1,0
729,1890,6,0.0952380952380952,1,0.380952380952381,1,1
730,3420,14,0.210526315789474,1,0.473684210526316,1,0
731,7470,16,0.253012048192771,1,0.530120481927711,2,0
732,1800,8,0.1,1,0.6,1,1
733,9630,15,0.205607476635514,1,0.336448598130841,2,0
734,5760,16,0.21875,1,0.6875,2,0
735,4770,14,0.207547169811321,1,0.471698113207547,1,1
736,2160,10,0.208333333333333,1,0.458333333333333,1,0
737,2970,9,0.0909090909090909,1,0.757575757575758,1,1
738,13320,15,0.216216216216216,4,0.574324324324324,3,0.0540540540540541
739,3150,13,0.228571428571429,2,0.685714285714286,1,0
740,1800,6,0,1,0.5,1,0
741,9360,15,0.240384615384615,2,0.490384615384615,2,0.0288461538461538
742,2340,11,0.192307692307692,2,0.538461538461538,1,0
743,3150,12,0.142857142857143,1,0.571428571428571,1,1
744,2430,12,0.259259259259259,1,0.62962962962963,1,0
745,5400,13,0.25,1,0.383333333333333,2,0
746,6030,15,0.134328358208955,1,0.626865671641791,2,0
747,26370,16,0.266211604095563,2,0.723549488054608,3,0.0580204778156997
748,9720,16,0.212962962962963,1,0.666666666666667,2,0
749,27450,16,0.232786885245902,4,0.580327868852459,3,0
750,2970,9,0.0909090909090909,1,0.454545454545455,1,0
751,15120,16,0.232142857142857,4,0.595238095238095,3,0
752,6570,11,0.123287671232877,1,0.465753424657534,2,0
753,5130,11,0.280701754385965,1,0.631578947368421,2,1
754,3060,9,0.352941176470588,1,0.441176470588235,1,0
755,3420,11,0.105263157894737,1,0.447368421052632,1,0
756,9810,16,0.192660550458716,1,0.403669724770642,2,0
757,14940,15,0.204819277108434,2,0.439759036144578,3,0
758,32130,17,0.215686274509804,6,0.683473389355742,3,0.92436974789916
759,2880,13,0.1875,2,0.78125,1,0
760,3690,13,0.24390243902439,1,0.463414634146341,1,0.975609756097561
761,5940,13,0.212121212121212,1,0.409090909090909,2,1
762,1890,10,0.19047619047619,1,0.476190476190476,1,0
763,11610,15,0.255813953488372,1,0.666666666666667,3,0
764,9810,16,0.275229357798165,2,0.623853211009174,2,0
765,2070,12,0.217391304347826,1,0.782608695652174,1,0
766,15750,15,0.262857142857143,1,0.382857142857143,3,1
767,3330,14,0.243243243243243,1,0.972972972972973,1,0
768,5760,15,0.25,4,0.453125,2,0.046875
769,2610,14,0.275862068965517,1,0.344827586206897,1,0.896551724137931
770,5760,12,0.1875,2,0.828125,2,0
771,6300,14,0.185714285714286,2,0.7,2,0.1
772,2970,10,0.0606060606060606,3,0.787878787878788,1,0
773,14490,14,0.242236024844721,1,0.459627329192547,3,1
774,20160,15,0.241071428571429,1,0.129464285714286,3,0
775,2520,9,0.0357142857142857,1,0.642857142857143,1,0
776,9450,15,0.304761904761905,4,0.514285714285714,2,0
777,3240,12,0.333333333333333,1,0.805555555555556,1,0
778,5850,14,0.184615384615385,4,0.369230769230769,2,0.0153846153846154
779,3330,13,0.378378378378378,2,0.72972972972973,1,0.405405405405405
780,4950,13,0.218181818181818,1,0.672727272727273,1,0
781,3780,11,0.166666666666667,1,0.666666666666667,1,0
782,20880,17,0.185344827586207,1,0.211206896551724,3,0
783,2700,10,0.0333333333333333,1,0.733333333333333,1,0
784,3510,9,0.0256410256410256,1,0.692307692307692,1,1
785,2430,11,0.222222222222222,1,0.62962962962963,1,0
786,10530,16,0.153846153846154,1,0.811965811965812,3,1
787,5130,10,0.12280701754386,1,0.350877192982456,2,1
788,22410,16,0.281124497991968,1,0.389558232931727,3,0
789,2970,9,0.181818181818182,1,0.515151515151515,1,1
790,20790,16,0.229437229437229,2,0.32034632034632,3,0
791,2250,11,0.2,1,0.64,1,0
792,4230,11,0.297872340425532,2,0.340425531914894,1,1
793,4950,14,0.290909090909091,1,0.490909090909091,1,0
794,3510,13,0.307692307692308,1,0.897435897435897,1,0
795,14310,15,0.220125786163522,5,0.30188679245283,3,0.0251572327044025
796,32220,16,0.243016759776536,6,0.541899441340782,3,0.120111731843575
797,2340,11,0.153846153846154,1,0.192307692307692,1,0
798,21510,16,0.242677824267782,7,0.405857740585774,3,0
799,2160,8,0.166666666666667,1,0.75,1,0
800,2520,13,0.25,1,0.714285714285714,1,0
801,2340,9,0.153846153846154,1,0.730769230769231,1,0
802,6750,13,0.293333333333333,1,0.533333333333333,2,0
803,2970,9,0.121212121212121,1,0.454545454545455,1,0
804,29880,16,0.231927710843373,1,0.608433734939759,3,0
805,24570,16,0.26007326007326,2,0.468864468864469,3,0
806,12600,16,0.192857142857143,1,0.55,3,0
807,18360,16,0.240196078431373,6,0.725490196078431,3,0.053921568627451
808,2070,7,0.0434782608695652,1,0.782608695652174,1,0
809,1800,7,0.1,1,0.5,1,0
810,2340,10,0.0384615384615385,5,0.884615384615385,1,0.384615384615385
811,1890,10,0.0476190476190476,2,0.761904761904762,1,1
812,1800,7,0.1,1,0.6,1,0
813,2610,11,0.103448275862069,1,0.344827586206897,1,0
814,3150,11,0.428571428571429,1,0.228571428571429,1,0
815,16470,16,0.273224043715847,4,0.612021857923497,3,0.945355191256831
816,2250,10,0.12,1,0.8,1,0
817,3240,12,0.194444444444444,1,0.5,1,0
818,1890,7,0.0952380952380952,1,0.619047619047619,1,0
819,2520,11,0.107142857142857,5,0.857142857142857,1,0
820,1890,9,0,1,0.333333333333333,1,0
821,5580,15,0.241935483870968,1,0.806451612903226,2,0
822,2250,12,0.24,1,0.4,1,0.04
823,16650,15,0.243243243243243,1,0.751351351351351,3,1
824,1800,9,0.2,1,0.2,1,0
825,13050,16,0.206896551724138,8,0.551724137931034,3,0.0620689655172414
826,10350,15,0.208695652173913,1,0.626086956521739,3,1
827,2520,10,0.0714285714285714,3,0.285714285714286,1,0
828,9360,12,0.134615384615385,3,0.375,2,0
829,5760,14,0.21875,6,0.640625,2,0.375
830,9540,15,0.254716981132075,5,0.632075471698113,2,0.481132075471698
831,6570,16,0.178082191780822,1,0.547945205479452,2,0
832,2250,5,0.2,1,0.2,1,0
833,24030,16,0.262172284644195,7,0.389513108614232,3,0.0898876404494382
834,4860,13,0.185185185185185,1,0.722222222222222,1,0
835,9180,14,0.245098039215686,1,0.784313725490196,2,0
836,4500,12,0.2,1,0.68,1,0
837,4140,14,0.195652173913043,1,0.41304347826087,1,0
838,8370,13,0.182795698924731,1,0.860215053763441,2,0.559139784946237
839,5130,16,0.157894736842105,1,0.403508771929825,2,1
840,17730,16,0.32994923857868,1,0.771573604060914,3,0
841,2790,4,0.032258064516129,1,0.741935483870968,1,1
842,2430,6,0.0740740740740741,1,0.666666666666667,1,1
843,18360,16,0.274509803921569,1,0.151960784313725,3,0
844,7290,12,0.259259259259259,1,0.469135802469136,2,0
845,2790,9,0.0645161290322581,1,0.419354838709677,1,0
846,36450,16,0.276543209876543,1,0.641975308641975,3,0
847,13140,15,0.232876712328767,2,0.36986301369863,3,0.226027397260274
848,13500,16,0.253333333333333,1,0.773333333333333,3,0
849,2070,9,0.130434782608696,1,1,1,0
850,4590,13,0.176470588235294,1,0.882352941176471,1,0.607843137254902
851,18810,15,0.181818181818182,11,0.511961722488038,3,0.0478468899521531
852,4410,13,0.26530612244898,1,0.489795918367347,1,0
853,3690,11,0.0731707317073171,1,0.341463414634146,1,0
854,19530,16,0.262672811059908,1,0.428571428571429,3,0
855,2070,8,0.173913043478261,1,0.434782608695652,1,0.826086956521739
856,2340,7,0.0384615384615385,1,0.5,1,0.884615384615385
857,1980,8,0.227272727272727,1,0.454545454545455,1,0
858,1890,10,0.19047619047619,2,0.476190476190476,1,0.476190476190476
859,3510,10,0.256410256410256,1,0.666666666666667,1,1
860,6390,12,0.140845070422535,6,0.394366197183099,2,0.0140845070422535
861,3870,9,0.186046511627907,1,0.767441860465116,1,0
862,14850,15,0.218181818181818,1,0.860606060606061,3,1
863,9630,13,0.102803738317757,1,0.448598130841121,2,0
864,26460,16,0.268707482993197,4,0.673469387755102,3,0.952380952380952
865,5940,16,0.257575757575758,2,0.272727272727273,2,0
866,1800,9,0,1,0.3,1,1
867,8550,13,0.231578947368421,1,0.768421052631579,2,1
868,18720,15,0.230769230769231,1,0.360576923076923,3,0
869,4230,13,0.191489361702128,1,0.361702127659574,1,0.276595744680851
870,24210,16,0.286245353159851,15,0.54275092936803,3,0.111524163568773
871,10350,16,0.191304347826087,1,0.321739130434783,3,1
872,6390,14,0.112676056338028,1,0.492957746478873,2,0
873,1800,9,0.05,1,0.35,1,1
874,3060,10,0.0588235294117647,1,0.676470588235294,1,1
875,8010,13,0.202247191011236,1,0.831460674157303,2,0
876,1890,8,0.238095238095238,1,0.857142857142857,1,0
877,7290,13,0.222222222222222,1,0.753086419753086,2,0.209876543209877
878,12060,14,0.223880597014925,1,0.477611940298507,3,0
879,2610,12,0.206896551724138,1,0.689655172413793,1,1
880,33120,16,0.214673913043478,3,0.502717391304348,3,0.701086956521739
881,23310,16,0.247104247104247,2,0.471042471042471,3,0.930501930501931
882,12330,15,0.233576642335766,1,0.744525547445255,3,0
883,24120,16,0.23134328358209,5,0.649253731343284,3,0.0485074626865672
884,3870,10,0.162790697674419,1,0.651162790697674,1,0
885,9180,16,0.264705882352941,1,0.441176470588235,2,0
886,21600,16,0.279166666666667,1,0.508333333333333,3,0
887,15390,16,0.181286549707602,1,0.748538011695906,3,0.754385964912281
888,1800,11,0.15,1,0.95,1,0
889,29340,17,0.276073619631902,1,0.5,3,0
890,10710,15,0.285714285714286,5,0.672268907563025,3,0.773109243697479
891,4230,12,0.212765957446809,3,0.702127659574468,1,0
892,20340,16,0.247787610619469,1,0.756637168141593,3,0
893,5310,14,0.186440677966102,1,0.423728813559322,2,0
894,22050,16,0.183673469387755,12,0.587755102040816,3,0.83265306122449
895,1800,10,0.2,1,0.6,1,0
896,32580,16,0.237569060773481,1,0.337016574585635,3,0.922651933701657
897,16650,16,0.232432432432432,1,0.654054054054054,3,1
898,2700,9,0.133333333333333,1,0.533333333333333,1,0
899,12150,15,0.22962962962963,1,0.6,3,0
900,4050,12,0.177777777777778,1,0.288888888888889,1,1
901,11160,14,0.185483870967742,2,0.67741935483871,3,0.669354838709677
902,4410,13,0.183673469387755,2,0.448979591836735,1,1
903,12240,15,0.235294117647059,3,0.698529411764706,3,0
904,4230,14,0.212765957446809,1,0.659574468085106,1,1
905,3600,9,0.15,1,0.4,1,0
906,3690,11,0.195121951219512,1,0.682926829268293,1,0
907,13230,16,0.231292517006803,3,0.931972789115646,3,1
908,6660,14,0.297297297297297,1,0.540540540540541,2,1
909,2340,9,0.153846153846154,1,0.807692307692308,1,1
910,5400,16,0.2,3,0.466666666666667,2,0.0666666666666667
911,8820,15,0.23469387755102,1,0.663265306122449,2,0
912,4770,13,0.264150943396226,1,0.660377358490566,1,0
913,11880,16,0.212121212121212,7,0.53030303030303,3,0.575757575757576
914,2070,10,0.130434782608696,1,0.347826086956522,1,0
915,2340,7,0.0384615384615385,1,0.346153846153846,1,0
916,28530,16,0.246056782334385,1,0.435331230283912,3,0.577287066246057
917,3150,13,0.257142857142857,1,0.571428571428571,1,0
918,9270,14,0.281553398058252,1,0.514563106796116,2,0
919,19530,15,0.221198156682028,4,0.506912442396313,3,0.0921658986175115
920,2340,8,0.0769230769230769,1,0.384615384615385,1,1
921,9900,16,0.163636363636364,2,0.436363636363636,2,0.745454545454545
922,11430,15,0.244094488188976,1,0.448818897637795,3,0
923,6660,15,0.22972972972973,1,0.891891891891892,2,0
924,7380,14,0.219512195121951,6,0.634146341463415,2,0.024390243902439
925,2880,8,0.3125,2,0.34375,1,0
926,1800,9,0.05,2,0.35,1,0.6
927,10800,15,0.25,1,0.641666666666667,3,0
928,2880,10,0.09375,1,0.875,1,1
929,4410,12,0.244897959183673,3,0.612244897959184,1,0.571428571428571
930,5670,15,0.206349206349206,1,0.349206349206349,2,0
931,5490,14,0.163934426229508,1,0.639344262295082,2,0
932,21690,16,0.286307053941909,1,0.763485477178423,3,0
933,16560,15,0.233695652173913,2,0.271739130434783,3,0
934,15660,16,0.229885057471264,2,0.689655172413793,3,0.0172413793103448
935,3510,15,0.256410256410256,1,0.82051282051282,1,0
936,12780,16,0.232394366197183,1,0.654929577464789,3,0
937,3600,12,0.25,1,0.625,1,0
938,9720,15,0.25,1,0.435185185185185,2,0
939,4410,13,0.224489795918367,1,0.795918367346939,1,0
940,9630,14,0.177570093457944,3,0.532710280373832,2,0
941,1980,11,0.272727272727273,1,0.818181818181818,1,0
942,7110,16,0.215189873417722,1,0.835443037974684,2,0
943,15120,15,0.255952380952381,3,0.571428571428571,3,0.226190476190476
